{"TimeStamp":"2026-02-23T15:19:25Z","SiteName":"potraffic-shared-22602","RequestId":"fdcac04e-10ca-11f1-8951-7ced8d3c1f0b","Kind":"OneDeploy","Status":"Success","Details":"{\"Id\":\"96b6afd7ef97402687fb8badd5315bde\",\"Status\":4,\"StatusText\":\"\",\"AuthorEmail\":\"N/A\",\"Author\":\"N/A\",\"Message\":\"OneDeploy\",\"Progress\":\"\",\"Deployer\":\"OneDeploy\",\"ReceivedTime\":\"2026-02-23T15:19:18.2644624Z\",\"StartTime\":\"2026-02-23T15:19:18.3581967Z\",\"EndTime\":\"2026-02-23T15:19:25.7386025Z\",\"LastSuccessEndTime\":\"2026-02-23T15:19:25.7386025Z\",\"Complete\":true,\"IsTemporary\":false,\"IsReadOnly\":true,\"SiteName\":\"potraffic-shared-22602\",\"HostName\":\"potraffic-shared-22602.scm.azurewebsites.net\",\"ProjectType\":\"OneDeploy\",\"VsProjectId\":null}"}