<Events><Event><System><Provider Name="IIS AspNetCore Module V2"/><EventID>1035</EventID><Level>1</Level><Task>0</Task><Keywords>Keywords</Keywords><TimeCreated SystemTime="2026-02-23T15:20:31Z"/><EventRecordID>124888296</EventRecordID><Channel>Application</Channel><Computer>WEBWK000006</Computer><Security/></System><EventData><Data>Application '/LM/W3SVC/1379614724/ROOT' with physical root 'C:\home\site\wwwroot\' has exited from Program.Main with exit code = '0'. First 30KB characters of captured stdout and stderr logs:
[15:20:00 INF] Hangfire.SqlServer.SqlServerObjectsInstaller: Start installing Hangfire SQL objects...
[15:20:15 WRN] Hangfire.SqlServer.SqlServerObjectsInstaller: An exception occurred while trying to perform the migration. Retrying...
Microsoft.Data.SqlClient.SqlException (0x80131904): A network-related or instance-specific error occurred while establishing a connection to SQL Server. The server was not found or was not accessible. Verify that the instance name is correct and that SQL Server is configured to allow remote connections. (provider: TCP Provider, error: 0 - Access is denied.)
 ---&gt; System.ComponentModel.Win32Exception (5): Access is denied.
   at Microsoft.Data.SqlClient.SqlInternalConnection.OnError(SqlException exception, Boolean breakConnection, Action`1 wrapCloseInAction)
   at Microsoft.Data.SqlClient.TdsParser.ThrowExceptionAndWarning(TdsParserStateObject stateObj, SqlCommand command, Boolean callerHasConnectionLock, Boolean asyncClose)
   at Microsoft.Data.SqlClient.TdsParser.Connect(ServerInfo serverInfo, SqlInternalConnectionTds connHandler, TimeoutTimer timeout, SqlConnectionString connectionOptions, Boolean withFailover)
   at Microsoft.Data.SqlClient.SqlInternalConnectionTds.AttemptOneLogin(ServerInfo serverInfo, String newPassword, SecureString newSecurePassword, TimeoutTimer timeout, Boolean withFailover)
   at Microsoft.Data.SqlClient.SqlInternalConnectionTds.LoginNoFailover(ServerInfo serverInfo, String newPassword, SecureString newSecurePassword, Boolean redirectedUserInstance, SqlConnectionString connectionOptions, SqlCredential credential, TimeoutTimer timeout)
   at Microsoft.Data.SqlClient.SqlInternalConnectionTds.OpenLoginEnlist(TimeoutTimer timeout, SqlConnectionString connectionOptions, SqlCredential credential, String newPassword, SecureString newSecurePassword, Boolean redirectedUserInstance)
   at Microsoft.Data.SqlClient.SqlInternalConnectionTds..ctor(DbConnectionPoolIdentity identity, SqlConnectionString connectionOptions, SqlCredential credential, Object providerInfo, String newPassword, SecureString newSecurePassword, Boolean redirectedUserInstance, SqlConnectionString userConnectionOptions, SessionData reconnectSessionData, Boolean applyTransientFaultHandling, String accessToken, IDbConnectionPool pool, Func`3 accessTokenCallback)
   at Microsoft.Data.SqlClient.SqlConnectionFactory.CreateConnection(DbConnectionOptions options, DbConnectionPoolKey poolKey, DbConnectionPoolGroupProviderInfo poolGroupProviderInfo, IDbConnectionPool pool, DbConnection owningConnection, DbConnectionOptions userOptions)
   at Microsoft.Data.ProviderBase.DbConnectionFactory.CreatePooledConnection(IDbConnectionPool pool, DbConnection owningObject, DbConnectionOptions options, DbConnectionPoolKey poolKey, DbConnectionOptions userOptions)
   at Microsoft.Data.SqlClient.ConnectionPool.WaitHandleDbConnectionPool.CreateObject(DbConnection owningObject, DbConnectionOptions userOptions, DbConnectionInternal oldConnection)
   at Microsoft.Data.SqlClient.ConnectionPool.WaitHandleDbConnectionPool.UserCreateRequest(DbConnection owningObject, DbConnectionOptions userOptions, DbConnectionInternal oldConnection)
   at Microsoft.Data.SqlClient.ConnectionPool.WaitHandleDbConnectionPool.TryGetConnection(DbConnection owningObject, UInt32 waitForMultipleObjectsTimeout, Boolean allowCreate, Boolean onlyOneCheckConnection, DbConnectionOptions userOptions, DbConnectionInternal&amp; connection)
   at Microsoft.Data.SqlClient.ConnectionPool.WaitHandleDbConnectionPool.TryGetConnection(DbConnection owningObject, TaskCompletionSource`1 taskCompletionSource, DbConnectionOptions userOptions, DbConnectionInternal&amp; connection)
   at Microsoft.Data.ProviderBase.DbConnectionFactory.TryGetConnection(DbConnection owningConnection, TaskCompletionSource`1 retry, DbConnectionOptions userOptions, DbConnectionInternal oldConnection, DbConnectionInternal&amp; connection)
   at Microsoft.Data.ProviderBase.DbConnectionInternal.TryOpenConnectionInternal(DbConnection outerConnection, DbConnectionFactory connectionFactory, TaskCompletionSource`1 retry, DbConnectionOptions userOptions)
   at Microsoft.Data.ProviderBase.DbConnectionClosed.TryOpenConnection(DbConnection outerConnection, DbConnectionFactory connectionFactory, TaskCompletionSource`1 retry, DbConnectionOptions userOptions)
   at Microsoft.Data.SqlClient.SqlConnection.TryOpen(TaskCompletionSource`1 retry, SqlConnectionOverrides overrides)
   at Microsoft.Data.SqlClient.SqlConnection.Open(SqlConnectionOverrides overrides)
   at Microsoft.Data.SqlClient.SqlConnection.Open()
   at Hangfire.SqlServer.SqlServerStorage.CreateAndOpenConnection() in C:\projects\hangfire-525\src\Hangfire.SqlServer\SqlServerStorage.cs:line 406
   at Hangfire.SqlServer.SqlServerStorage.UseConnection[TContext,TResult](DbConnection dedicatedConnection, Func`4 func, TContext context) in C:\projects\hangfire-525\src\Hangfire.SqlServer\SqlServerStorage.cs:line 291
   at Hangfire.SqlServer.SqlServerStorage.UseConnection(DbConnection dedicatedConnection, Action`2 action) in C:\projects\hangfire-525\src\Hangfire.SqlServer\SqlServerStorage.cs:line 268
   at Hangfire.SqlServer.SqlServerStorage.Initialize() in C:\projects\hangfire-525\src\Hangfire.SqlServer\SqlServerStorage.cs:line 465
ClientConnectionId:00000000-0000-0000-0000-000000000000
Error Number:5,State:0,Class:20
[15:20:15 WRN] Hangfire.SqlServer.SqlServerObjectsInstaller: An exception occurred while trying to perform the migration. Retrying...
Microsoft.Data.SqlClient.SqlException (0x80131904): A network-related or instance-specific error occurred while establishing a connection to SQL Server. The server was not found or was not accessible. Verify that the instance name is correct and that SQL Server is configured to allow remote connections. (provider: TCP Provider, error: 0 - Access is denied.)
 ---&gt; System.ComponentModel.Win32Exception (5): Access is denied.
   at Microsoft.Data.SqlClient.ConnectionPool.WaitHandleDbConnectionPool.TryGetConnection(DbConnection owningObject, UInt32 waitForMultipleObjectsTimeout, Boolean allowCreate, Boolean onlyOneCheckConnection, DbConnectionOptions userOptions, DbConnectionInternal&amp; connection)
   at Microsoft.Data.SqlClient.ConnectionPool.WaitHandleDbConnectionPool.TryGetConnection(DbConnection owningObject, TaskCompletionSource`1 taskCompletionSource, DbConnectionOptions userOptions, DbConnectionInternal&amp; connection)
   at Microsoft.Data.ProviderBase.DbConnectionFactory.TryGetConnection(DbConnection owningConnection, TaskCompletionSource`1 retry, DbConnectionOptions userOptions, DbConnectionInternal oldConnection, DbConnectionInternal&amp; connection)
   at Microsoft.Data.ProviderBase.DbConnectionInternal.TryOpenConnectionInternal(DbConnection outerConnection, DbConnectionFactory connectionFactory, TaskCompletionSource`1 retry, DbConnectionOptions userOptions)
   at Microsoft.Data.ProviderBase.DbConnectionClosed.TryOpenConnection(DbConnection outerConnection, DbConnectionFactory connectionFactory, TaskCompletionSource`1 retry, DbConnectionOptions userOptions)
   at Microsoft.Data.SqlClient.SqlConnection.TryOpen(TaskCompletionSource`1 retry, SqlConnectionOverrides overrides)
   at Microsoft.Data.SqlClient.SqlConnection.Open(SqlConnectionOverrides overrides)
   at Microsoft.Data.SqlClient.SqlConnection.Open()
   at Hangfire.SqlServer.SqlServerStorage.CreateAndOpenConnection() in C:\projects\hangfire-525\src\Hangfire.SqlServer\SqlServerStorage.cs:line 406
   at Hangfire.SqlServer.SqlServerStorage.UseConnection[TContext,TResult](DbConnection dedicatedConnection, Func`4 func, TContext context) in C:\projects\hangfire-525\src\Hangfire.SqlServer\SqlServerStorage.cs:line 291
   at Hangfire.SqlServer.SqlServerStorage.UseConnection(DbConnection dedicatedConnection, Action`2 action) in C:\projects\hangfire-525\src\Hangfire.SqlServer\SqlServerStorage.cs:line 268
   at Hangfire.SqlServer.SqlServerStorage.Initialize() in C:\projects\hangfire-525\src\Hangfire.SqlServer\SqlServerStorage.cs:line 465
ClientConnectionId:00000000-0000-0000-0000-000000000000
Error Number:5,State:0,Class:20
[15:20:15 WRN] Hangfire.SqlServer.SqlServerObjectsInstaller: An exception occurred while trying to perform the migration.
Microsoft.Data.SqlClient.SqlException (0x80131904): A network-related or instance-specific error occurred while establishing a connection to SQL Server. The server was not found or was not accessible. Verify that the instance name is correct and that SQL Server is configured to allow remote connections. (provider: TCP Provider, error: 0 - Access is denied.)
 ---&gt; System.ComponentModel.Win32Exception (5): Access is denied.
   at Microsoft.Data.SqlClient.ConnectionPool.WaitHandleDbConnectionPool.TryGetConnection(DbConnection owningObject, UInt32 waitForMultipleObjectsTimeout, Boolean allowCreate, Boolean onlyOneCheckConnection, DbConnectionOptions userOptions, DbConnectionInternal&amp; connection)
   at Microsoft.Data.SqlClient.ConnectionPool.WaitHandleDbConnectionPool.TryGetConnection(DbConnection owningObject, TaskCompletionSource`1 taskCompletionSource, DbConnectionOptions userOptions, DbConnectionInternal&amp; connection)
   at Microsoft.Data.ProviderBase.DbConnectionFactory.TryGetConnection(DbConnection owningConnection, TaskCompletionSource`1 retry, DbConnectionOptions userOptions, DbConnectionInternal oldConnection, DbConnectionInternal&amp; connection)
   at Microsoft.Data.ProviderBase.DbConnectionInternal.TryOpenConnectionInternal(DbConnection outerConnection, DbConnectionFactory connectionFactory, TaskCompletionSource`1 retry, DbConnectionOptions userOptions)
   at Microsoft.Data.ProviderBase.DbConnectionClosed.TryOpenConnection(DbConnection outerConnection, DbConnectionFactory connectionFactory, TaskCompletionSource`1 retry, DbConnectionOptions userOptions)
   at Microsoft.Data.SqlClient.SqlConnection.TryOpen(TaskCompletionSource`1 retry, SqlConnectionOverrides overrides)
   at Microsoft.Data.SqlClient.SqlConnection.Open(SqlConnectionOverrides overrides)
   at Microsoft.Data.SqlClient.SqlConnection.Open()
   at Hangfire.SqlServer.SqlServerStorage.CreateAndOpenConnection() in C:\projects\hangfire-525\src\Hangfire.SqlServer\SqlServerStorage.cs:line 406
   at Hangfire.SqlServer.SqlServerStorage.UseConnection[TContext,TResult](DbConnection dedicatedConnection, Func`4 func, TContext context) in C:\projects\hangfire-525\src\Hangfire.SqlServer\SqlServerStorage.cs:line 291
   at Hangfire.SqlServer.SqlServerStorage.UseConnection(DbConnection dedicatedConnection, Action`2 action) in C:\projects\hangfire-525\src\Hangfire.SqlServer\SqlServerStorage.cs:line 268
   at Hangfire.SqlServer.SqlServerStorage.Initialize() in C:\projects\hangfire-525\src\Hangfire.SqlServer\SqlServerStorage.cs:line 465
ClientConnectionId:00000000-0000-0000-0000-000000000000
Error Number:5,State:0,Class:20
[15:20:15 WRN] Hangfire.SqlServer.SqlServerObjectsInstaller: Was unable to perform the Hangfire schema migration due to an exception. Ignore this message unless you've just installed or upgraded Hangfire.
Microsoft.Data.SqlClient.SqlException (0x80131904): A network-related or instance-specific error occurred while establishing a connection to SQL Server. The server was not found or was not accessible. Verify that the instance name is correct and that SQL Server is configured to allow remote connections. (provider: TCP Provider, error: 0 - Access is denied.)
 ---&gt; System.ComponentModel.Win32Exception (5): Access is denied.
   at Microsoft.Data.SqlClient.ConnectionPool.WaitHandleDbConnectionPool.TryGetConnection(DbConnection owningObject, UInt32 waitForMultipleObjectsTimeout, Boolean allowCreate, Boolean onlyOneCheckConnection, DbConnectionOptions userOptions, DbConnectionInternal&amp; connection)
   at Microsoft.Data.SqlClient.ConnectionPool.WaitHandleDbConnectionPool.TryGetConnection(DbConnection owningObject, TaskCompletionSource`1 taskCompletionSource, DbConnectionOptions userOptions, DbConnectionInternal&amp; connection)
   at Microsoft.Data.ProviderBase.DbConnectionFactory.TryGetConnection(DbConnection owningConnection, TaskCompletionSource`1 retry, DbConnectionOptions userOptions, DbConnectionInternal oldConnection, DbConnectionInternal&amp; connection)
   at Microsoft.Data.ProviderBase.DbConnectionInternal.TryOpenConnectionInternal(DbConnection outerConnection, DbConnectionFactory connectionFactory, TaskCompletionSource`1 retry, DbConnectionOptions userOptions)
   at Microsoft.Data.ProviderBase.DbConnectionClosed.TryOpenConnection(DbConnection outerConnection, DbConnectionFactory connectionFactory, TaskCompletionSource`1 retry, DbConnectionOptions userOptions)
   at Microsoft.Data.SqlClient.SqlConnection.TryOpen(TaskCompletionSource`1 retry, SqlConnectionOverrides overrides)
   at Microsoft.Data.SqlClient.SqlConnection.Open(SqlConnectionOverrides overrides)
   at Microsoft.Data.SqlClient.SqlConnection.Open()
   at Hangfire.SqlServer.SqlServerStorage.CreateAndOpenConnection() in C:\projects\hangfire-525\src\Hangfire.SqlServer\SqlServerStorage.cs:line 406
   at Hangfire.SqlServer.SqlServerStorage.UseConnection[TContext,TResult](DbConnection dedicatedConnection, Func`4 func, TContext context) in C:\projects\hangfire-525\src\Hangfire.SqlServer\SqlServerStorage.cs:line 291
   at Hangfire.SqlServer.SqlServerStorage.UseConnection(DbConnection dedicatedConnection, Action`2 action) in C:\projects\hangfire-525\src\Hangfire.SqlServer\SqlServerStorage.cs:line 268
   at Hangfire.SqlServer.SqlServerStorage.Initialize() in C:\projects\hangfire-525\src\Hangfire.SqlServer\SqlServerStorage.cs:line 465
ClientConnectionId:00000000-0000-0000-0000-000000000000
Error Number:5,State:0,Class:20
[15:20:15 ERR] Hangfire.SqlServer.SqlServerStorage: Was unable to use the TryAutoDetectSchemaDependentOptions option due to an exception.
Microsoft.Data.SqlClient.SqlException (0x80131904): A network-related or instance-specific error occurred while establishing a connection to SQL Server. The server was not found or was not accessible. Verify that the instance name is correct and that SQL Server is configured to allow remote connections. (provider: TCP Provider, error: 0 - Access is denied.)
 ---&gt; System.ComponentModel.Win32Exception (5): Access is denied.
   at Microsoft.Data.SqlClient.ConnectionPool.WaitHandleDbConnectionPool.TryGetConnection(DbConnection owningObject, UInt32 waitForMultipleObjectsTimeout, Boolean allowCreate, Boolean onlyOneCheckConnection, DbConnectionOptions userOptions, DbConnectionInternal&amp; connection)
   at Microsoft.Data.SqlClient.ConnectionPool.WaitHandleDbConnectionPool.TryGetConnection(DbConnection owningObject, TaskCompletionSource`1 taskCompletionSource, DbConnectionOptions userOptions, DbConnectionInternal&amp; connection)
   at Microsoft.Data.ProviderBase.DbConnectionFactory.TryGetConnection(DbConnection owningConnection, TaskCompletionSource`1 retry, DbConnectionOptions userOptions, DbConnectionInternal oldConnection, DbConnectionInternal&amp; connection)
   at Microsoft.Data.ProviderBase.DbConnectionInternal.TryOpenConnectionInternal(DbConnection outerConnection, DbConnectionFactory connectionFactory, TaskCompletionSource`1 retry, DbConnectionOptions userOptions)
   at Microsoft.Data.ProviderBase.DbConnectionClosed.TryOpenConnection(DbConnection outerConnection, DbConnectionFactory connectionFactory, TaskCompletionSource`1 retry, DbConnectionOptions userOptions)
   at Microsoft.Data.SqlClient.SqlConnection.TryOpen(TaskCompletionSource`1 retry, SqlConnectionOverrides overrides)
   at Microsoft.Data.SqlClient.SqlConnection.Open(SqlConnectionOverrides overrides)
   at Microsoft.Data.SqlClient.SqlConnection.Open()
   at Hangfire.SqlServer.SqlServerStorage.CreateAndOpenConnection() in C:\projects\hangfire-525\src\Hangfire.SqlServer\SqlServerStorage.cs:line 406
   at Hangfire.SqlServer.SqlServerStorage.UseConnection[TContext,TResult](DbConnection dedicatedConnection, Func`4 func, TContext context) in C:\projects\hangfire-525\src\Hangfire.SqlServer\SqlServerStorage.cs:line 291
   at Hangfire.SqlServer.SqlServerStorage.UseConnection[TResult](DbConnection dedicatedConnection, Func`3 action) in C:\projects\hangfire-525\src\Hangfire.SqlServer\SqlServerStorage.cs:line 279
   at Hangfire.SqlServer.SqlServerStorage.Initialize() in C:\projects\hangfire-525\src\Hangfire.SqlServer\SqlServerStorage.cs:line 495
ClientConnectionId:00000000-0000-0000-0000-000000000000
Error Number:5,State:0,Class:20
[15:20:31 FTL] : Host terminated unexpectedly.
Microsoft.Data.SqlClient.SqlException (0x80131904): A network-related or instance-specific error occurred while establishing a connection to SQL Server. The server was not found or was not accessible. Verify that the instance name is correct and that SQL Server is configured to allow remote connections. (provider: TCP Provider, error: 0 - Access is denied.)
 ---&gt; System.ComponentModel.Win32Exception (5): Access is denied.
   at Microsoft.Data.SqlClient.SqlInternalConnection.OnError(SqlException exception, Boolean breakConnection, Action`1 wrapCloseInAction)
   at Microsoft.Data.SqlClient.TdsParser.ThrowExceptionAndWarning(TdsParserStateObject stateObj, SqlCommand command, Boolean callerHasConnectionLock, Boolean asyncClose)
   at Microsoft.Data.SqlClient.TdsParser.Connect(ServerInfo serverInfo, SqlInternalConnectionTds connHandler, TimeoutTimer timeout, SqlConnectionString connectionOptions, Boolean withFailover)
   at Microsoft.Data.SqlClient.SqlInternalConnectionTds.AttemptOneLogin(ServerInfo serverInfo, String newPassword, SecureString newSecurePassword, TimeoutTimer timeout, Boolean withFailover)
   at Microsoft.Data.SqlClient.SqlInternalConnectionTds.LoginNoFailover(ServerInfo serverInfo, String newPassword, SecureString newSecurePassword, Boolean redirectedUserInstance, SqlConnectionString connectionOptions, SqlCredential credential, TimeoutTimer timeout)
   at Microsoft.Data.SqlClient.SqlInternalConnectionTds.OpenLoginEnlist(TimeoutTimer timeout, SqlConnectionString connectionOptions, SqlCredential credential, String newPassword, SecureString newSecurePassword, Boolean redirectedUserInstance)
   at Microsoft.Data.SqlClient.SqlInternalConnectionTds..ctor(DbConnectionPoolIdentity identity, SqlConnectionString connectionOptions, SqlCredential credential, Object providerInfo, String newPassword, SecureString newSecurePassword, Boolean redirectedUserInstance, SqlConnectionString userConnectionOptions, SessionData reconnectSessionData, Boolean applyTransientFaultHandling, String accessToken, IDbConnectionPool pool, Func`3 accessTokenCallback)
   at Microsoft.Data.SqlClient.SqlConnectionFactory.CreateConnection(DbConnectionOptions options, DbConnectionPoolKey poolKey, DbConnectionPoolGroupProviderInfo poolGroupProviderInfo, IDbConnectionPool pool, DbConnection owningConnection, DbConnectionOptions userOptions)
   at Microsoft.Data.ProviderBase.DbConnectionFactory.CreatePooledConnection(IDbConnectionPool pool, DbConnection owningObject, DbConnectionOptions options, DbConnectionPoolKey poolKey, DbConnectionOptions userOptions)
   at Microsoft.Data.SqlClient.ConnectionPool.WaitHandleDbConnectionPool.CreateObject(DbConnection owningObject, DbConnectionOptions userOptions, DbConnectionInternal oldConnection)
   at Microsoft.Data.SqlClient.ConnectionPool.WaitHandleDbConnectionPool.UserCreateRequest(DbConnection owningObject, DbConnectionOptions userOptions, DbConnectionInternal oldConnection)
   at Microsoft.Data.SqlClient.ConnectionPool.WaitHandleDbConnectionPool.TryGetConnection(DbConnection owningObject, UInt32 waitForMultipleObjectsTimeout, Boolean allowCreate, Boolean onlyOneCheckConnection, DbConnectionOptions userOptions, DbConnectionInternal&amp; connection)
   at Microsoft.Data.SqlClient.ConnectionPool.WaitHandleDbConnectionPool.WaitForPendingOpen()
--- End of stack trace from previous location ---
   at Microsoft.EntityFrameworkCore.Storage.RelationalConnection.OpenInternalAsync(Boolean errorsExpected, CancellationToken cancellationToken)
   at Microsoft.EntityFrameworkCore.Storage.RelationalConnection.OpenInternalAsync(Boolean errorsExpected, CancellationToken cancellationToken)
   at Microsoft.EntityFrameworkCore.Storage.RelationalConnection.OpenAsync(CancellationToken cancellationToken, Boolean errorsExpected)
   at Microsoft.EntityFrameworkCore.SqlServer.Storage.Internal.SqlServerDatabaseCreator.&lt;&gt;c__DisplayClass20_0.&lt;&lt;ExistsAsync&gt;b__0&gt;d.MoveNext()
--- End of stack trace from previous location ---
   at Microsoft.EntityFrameworkCore.SqlServer.Storage.Internal.SqlServerDatabaseCreator.&lt;&gt;c__DisplayClass20_0.&lt;&lt;ExistsAsync&gt;b__0&gt;d.MoveNext()
--- End of stack trace from previous location ---
   at Microsoft.EntityFrameworkCore.SqlServer.Storage.Internal.SqlServerDatabaseCreator.&lt;&gt;c__DisplayClass20_0.&lt;&lt;ExistsAsync&gt;b__0&gt;d.MoveNext()
--- End of stack trace from previous location ---
   at Microsoft.EntityFrameworkCore.Storage.ExecutionStrategy.&lt;&gt;c__DisplayClass30_0`2.&lt;&lt;ExecuteAsync&gt;b__0&gt;d.MoveNext()
--- End of stack trace from previous location ---
   at Microsoft.EntityFrameworkCore.Storage.ExecutionStrategy.ExecuteImplementationAsync[TState,TResult](Func`4 operation, Func`4 verifySucceeded, TState state, CancellationToken cancellationToken)
   at Microsoft.EntityFrameworkCore.Storage.ExecutionStrategy.ExecuteImplementationAsync[TState,TResult](Func`4 operation, Func`4 verifySucceeded, TState state, CancellationToken cancellationToken)
   at Microsoft.EntityFrameworkCore.Storage.ExecutionStrategy.ExecuteAsync[TState,TResult](TState state, Func`4 operation, Func`4 verifySucceeded, CancellationToken cancellationToken)
   at Microsoft.EntityFrameworkCore.Migrations.Internal.Migrator.MigrateAsync(String targetMigration, CancellationToken cancellationToken)
   at Program.&lt;Main&gt;$(String[] args) in /home/runner/work/PoTraffic/PoTraffic/src/PoTraffic.Api/Program.cs:line 261
   at Program.&lt;Main&gt;$(String[] args) in /home/runner/work/PoTraffic/PoTraffic/src/PoTraffic.Api/Program.cs:line 287
ClientConnectionId:00000000-0000-0000-0000-000000000000
Error Number:5,State:0,Class:20
</Data><Data>Process Id: 8868.</Data><Data>File Version: 20.0.25297.0. Description: IIS ASP.NET Core Module V2 Request Handler. Commit: </Data></EventData></Event><Event><System><Provider Name="IIS AspNetCore Module V2"/><EventID>1007</EventID><Level>1</Level><Task>0</Task><Keywords>Keywords</Keywords><TimeCreated SystemTime="2026-02-23T15:20:31Z"/><EventRecordID>124888296</EventRecordID><Channel>Application</Channel><Computer>WEBWK000006</Computer><Security/></System><EventData><Data>Application '/LM/W3SVC/1379614724/ROOT' with physical root 'C:\home\site\wwwroot\' failed to load coreclr. Exception message:
CLR worker thread exited prematurely</Data><Data>Process Id: 8868.</Data><Data>File Version: 20.0.25297.0. Description: IIS ASP.NET Core Module V2 Request Handler. Commit: </Data></EventData></Event><Event><System><Provider Name="IIS AspNetCore Module V2"/><EventID>1035</EventID><Level>1</Level><Task>0</Task><Keywords>Keywords</Keywords><TimeCreated SystemTime="2026-02-23T15:22:02Z"/><EventRecordID>124979484</EventRecordID><Channel>Application</Channel><Computer>WEBWK000006</Computer><Security/></System><EventData><Data>Application '/LM/W3SVC/1379614724/ROOT' with physical root 'C:\home\site\wwwroot\' has exited from Program.Main with exit code = '0'. First 30KB characters of captured stdout and stderr logs:
[15:22:02 FTL] Host terminated unexpectedly.
Azure.Identity.CredentialUnavailableException: DefaultAzureCredential failed to retrieve a token from the included credentials. See the troubleshooting guide for more information. https://aka.ms/azsdk/net/identity/defaultazurecredential/troubleshoot
- EnvironmentCredential authentication unavailable. Environment variables are not fully configured. See the troubleshooting guide for more information. https://aka.ms/azsdk/net/identity/environmentcredential/troubleshoot
- WorkloadIdentityCredential authentication unavailable. The workload options are not fully configured. See the troubleshooting guide for more information. https://aka.ms/azsdk/net/identity/workloadidentitycredential/troubleshoot
- ManagedIdentityCredential authentication unavailable. No response received from the managed identity endpoint.
- VisualStudioCredential authentication failed: Visual Studio Token provider can't be accessed at D:\DWASFiles\Sites\potraffic-shared-22602\LocalAppData\.IdentityService\AzureServiceAuth\tokenprovider.json
- AzureCliCredential authentication failed: Azure CLI not installed
- AzurePowerShellCredential authentication failed: Az.Accounts module &gt;= 2.2.0 is not installed.
- AzureDeveloperCliCredential authentication failed: Azure Developer CLI could not be found.
 ---&gt; System.AggregateException: Multiple exceptions were encountered while attempting to authenticate. (EnvironmentCredential authentication unavailable. Environment variables are not fully configured. See the troubleshooting guide for more information. https://aka.ms/azsdk/net/identity/environmentcredential/troubleshoot) (WorkloadIdentityCredential authentication unavailable. The workload options are not fully configured. See the troubleshooting guide for more information. https://aka.ms/azsdk/net/identity/workloadidentitycredential/troubleshoot) (ManagedIdentityCredential authentication unavailable. No response received from the managed identity endpoint.) (VisualStudioCredential authentication failed: Visual Studio Token provider can't be accessed at D:\DWASFiles\Sites\potraffic-shared-22602\LocalAppData\.IdentityService\AzureServiceAuth\tokenprovider.json) (AzureCliCredential authentication failed: Azure CLI not installed) (AzurePowerShellCredential authentication failed: Az.Accounts module &gt;= 2.2.0 is not installed.) (AzureDeveloperCliCredential authentication failed: Azure Developer CLI could not be found.)
 ---&gt; Azure.Identity.CredentialUnavailableException: EnvironmentCredential authentication unavailable. Environment variables are not fully configured. See the troubleshooting guide for more information. https://aka.ms/azsdk/net/identity/environmentcredential/troubleshoot
   at Azure.Identity.CredentialDiagnosticScope.FailWrapAndThrow(Exception ex, String additionalMessage, Boolean isCredentialUnavailable)
   at Azure.Identity.EnvironmentCredential.GetTokenImplAsync(Boolean async, TokenRequestContext requestContext, CancellationToken cancellationToken)
   at Azure.Core.Pipeline.TaskExtensions.EnsureCompleted[T](ValueTask`1 task)
   at Azure.Identity.EnvironmentCredential.GetToken(TokenRequestContext requestContext, CancellationToken cancellationToken)
   at Azure.Identity.DefaultAzureCredential.GetTokenFromSourcesAsync(TokenCredential[] sources, TokenRequestContext requestContext, Boolean async, CancellationToken cancellationToken)
   --- End of inner exception stack trace ---
 ---&gt; (Inner Exception #1) Azure.Identity.CredentialUnavailableException: WorkloadIdentityCredential authentication unavailable. The workload options are not fully configured. See the troubleshooting guide for more information. https://aka.ms/azsdk/net/identity/workloadidentitycredential/troubleshoot
   at Azure.Identity.WorkloadIdentityCredential.GetTokenCoreAsync(Boolean async, TokenRequestContext requestContext, CancellationToken cancellationToken)
   at Azure.Identity.CredentialDiagnosticScope.FailWrapAndThrow(Exception ex, String additionalMessage, Boolean isCredentialUnavailable)
   at Azure.Identity.WorkloadIdentityCredential.GetTokenCoreAsync(Boolean async, TokenRequestContext requestContext, CancellationToken cancellationToken)
   at Azure.Core.Pipeline.TaskExtensions.EnsureCompleted[T](ValueTask`1 task)
   at Azure.Identity.WorkloadIdentityCredential.GetToken(TokenRequestContext requestContext, CancellationToken cancellationToken)
   at Azure.Identity.DefaultAzureCredential.GetTokenFromSourcesAsync(TokenCredential[] sources, TokenRequestContext requestContext, Boolean async, CancellationToken cancellationToken)&lt;---

 ---&gt; (Inner Exception #2) Azure.Identity.CredentialUnavailableException: ManagedIdentityCredential authentication unavailable. No response received from the managed identity endpoint.
 ---&gt; Azure.RequestFailedException: An attempt was made to access a socket in a way forbidden by its access permissions. (169.254.169.254:80)
 ---&gt; System.Net.Http.HttpRequestException: An attempt was made to access a socket in a way forbidden by its access permissions. (169.254.169.254:80)
 ---&gt; System.Net.Sockets.SocketException (10013): An attempt was made to access a socket in a way forbidden by its access permissions.
   at System.Net.Sockets.Socket.AwaitableSocketAsyncEventArgs.ThrowException(SocketError error, CancellationToken cancellationToken)
   at System.Net.Sockets.Socket.AwaitableSocketAsyncEventArgs.System.Threading.Tasks.Sources.IValueTaskSource.GetResult(Int16 token)
   at System.Net.Http.HttpConnectionPool.ConnectToTcpHostAsync(String host, Int32 port, HttpRequestMessage initialRequest, Boolean async, CancellationToken cancellationToken)
   --- End of inner exception stack trace ---
   at System.Net.Http.HttpConnectionPool.ConnectToTcpHostAsync(String host, Int32 port, HttpRequestMessage initialRequest, Boolean async, CancellationToken cancellationToken)
   at System.Net.Http.HttpConnectionPool.ConnectAsync(HttpRequestMessage request, Boolean async, CancellationToken cancellationToken)
   at System.Net.Http.HttpConnectionPool.CreateHttp11ConnectionAsync(HttpRequestMessage request, Boolean async, CancellationToken cancellationToken)
   at System.Net.Http.HttpConnectionPool.InjectNewHttp11ConnectionAsync(QueueItem queueItem)
   at System.Threading.Tasks.TaskCompletionSourceWithCancellation`1.WaitWithCancellation(CancellationToken cancellationToken)
   at System.Net.Http.HttpConnectionWaiter`1.WaitForConnectionAsync(HttpRequestMessage request, HttpConnectionPool pool, Boolean async, CancellationToken requestCancellationToken)
   at System.Net.Http.HttpConnectionPool.SendWithVersionDetectionAndRetryAsync(HttpRequestMessage request, Boolean async, Boolean doRequestAuth, CancellationToken cancellationToken)
   at System.Net.Http.HttpMessageHandlerStage.Send(HttpRequestMessage request, CancellationToken cancellationToken)
   at System.Net.Http.Metrics.MetricsHandler.SendAsync(HttpRequestMessage request, Boolean async, CancellationToken cancellationToken)
   at System.Net.Http.HttpMessageHandlerStage.Send(HttpRequestMessage request, CancellationToken cancellationToken)
   at System.Net.Http.DiagnosticsHandler.SendAsync(HttpRequestMessage request, Boolean async, CancellationToken cancellationToken)
   at System.Net.Http.HttpMessageHandlerStage.Send(HttpRequestMessage request, CancellationToken cancellationToken)
   at System.Net.Http.SocketsHttpHandler.Send(HttpRequestMessage request, CancellationToken cancellationToken)
   at System.Net.Http.HttpMessageInvoker.Send(HttpRequestMessage request, CancellationToken cancellationToken)
   at System.Net.Http.HttpClient.Send(HttpRequestMessage request, HttpCompletionOption completionOption, CancellationToken cancellationToken)
   at Azure.Core.Pipeline.HttpClientTransport.ProcessSyncOrAsync(HttpMessage message, Boolean async)
   --- End of inner exception stack trace ---
   at Azure.Core.Pipeline.HttpClientTransport.ProcessSyncOrAsync(HttpMessage message, Boolean async)
   at Azure.Core.Pipeline.TaskExtensions.EnsureCompleted(ValueTask task)
   at Azure.Core.Pipeline.HttpClientTransport.Process(HttpMessage message)
   at Azure.Core.Pipeline.HttpPipelineTransportPolicy.Process(HttpMessage message, ReadOnlyMemory`1 pipeline)
   at Azure.Core.Pipeline.HttpPipelinePolicy.ProcessNext(HttpMessage message, ReadOnlyMemory`1 pipeline)
   at Azure.Core.Pipeline.RequestActivityPolicy.ProcessNextAsync(HttpMessage message, ReadOnlyMemory`1 pipeline, Boolean async)
   at Azure.Core.Pipeline.RequestActivityPolicy.Process(HttpMessage message, ReadOnlyMemory`1 pipeline)
   at Azure.Core.Pipeline.HttpPipelinePolicy.ProcessNext(HttpMessage message, ReadOnlyMemory`1 pipeline)
   at Azure.Core.Pipeline.ResponseBodyPolicy.ProcessAsync(HttpMessage message, ReadOnlyMemory`1 pipeline, Boolean async)
   at Azure.Core.Pipeline.TaskExtensions.EnsureCompleted(ValueTask task)
   at Azure.Core.Pipeline.ResponseBodyPolicy.Process(HttpMessage message, ReadOnlyMemory`1 pipeline)
   at Azure.Core.Pipeline.HttpPipelinePolicy.ProcessNext(HttpMessage message, ReadOnlyMemory`1 pipeline)
   at Azure.Core.Pipeline.LoggingPolicy.Process(HttpMessage message, ReadOnlyMemory`1 pipeline)
   at Azure.Core.Pipeline.RedirectPolicy.ProcessAsync(HttpMessage message, ReadOnlyMemory`1 pipeline, Boolean async)
   at Azure.Core.Pipeline.TaskExtensions.EnsureCompleted(ValueTask task)
   at Azure.Core.Pipeline.RedirectPolicy.Process(HttpMessage message, ReadOnlyMemory`1 pipeline)
   at Azure.Core.Pipeline.RetryPolicy.ProcessAsync(HttpMessage message, ReadOnlyMemory`1 pipeline, Boolean async)
   at Azure.Core.Pipeline.RetryPolicy.ProcessAsync(HttpMessage message, ReadOnlyMemory`1 pipeline, Boolean async)
   at Azure.Core.Pipeline.TaskExtensions.EnsureCompleted(ValueTask task)
   at Azure.Core.Pipeline.RetryPolicy.Process(HttpMessage message, ReadOnlyMemory`1 pipeline)
   at Azure.Identity.DefaultAzureCredentialImdsRetryPolicy.Process(HttpMessage message, ReadOnlyMemory`1 pipeline)
   at Azure.Core.Pipeline.HttpPipelinePolicy.ProcessNext(HttpMessage message, ReadOnlyMemory`1 pipeline)
   at Azure.Core.Pipeline.HttpPipelineSynchronousPolicy.Process(HttpMessage message, ReadOnlyMemory`1 pipeline)
   at Azure.Core.Pipeline.HttpPipelinePolicy.ProcessNext(HttpMessage message, ReadOnlyMemory`1 pipeline)
   at Azure.Core.Pipeline.HttpPipelineSynchronousPolicy.Process(HttpMessage message, ReadOnlyMemory`1 pipeline)
   at Azure.Core.Pipeline.HttpPipelinePolicy.ProcessNext(HttpMessage message, ReadOnlyMemory`1 pipeline)
   at Azure.Core.Pipeline.HttpPipelineSynchronousPolicy.Process(HttpMessage message, ReadOnlyMemory`1 pipeline)
   at Azure.Core.Pipeline.HttpPipeline.Send(HttpMessage message, CancellationToken cancellationToken)
   at Azure.Identity.ManagedIdentitySource.AuthenticateAsync(Boolean async, TokenRequestContext context, CancellationToken cancellationToken)
   at Azure.Identity.ImdsManagedIdentityProbeSource.AuthenticateAsync(Boolean async, TokenRequestContext context, CancellationToken cancellationToken)
   --- End of inner exception stack trace ---
   at Azure.Identity.ImdsManagedIdentityProbeSource.AuthenticateAsync(Boolean async, TokenRequestContext context, CancellationToken cancellationToken)
   at Azure.Identity.ManagedIdentityClient.AuthenticateCoreAsync(Boolean async, TokenRequestContext context, CancellationToken cancellationToken)
   at Azure.Identity.ManagedIdentityClient.AuthenticateAsync(Boolean async, TokenRequestContext context, CancellationToken cancellationToken)
   at Azure.Identity.ManagedIdentityCredential.GetTokenImplAsync(Boolean async, TokenRequestContext requestContext, CancellationToken cancellationToken)
   at Azure.Identity.CredentialDiagnosticScope.FailWrapAndThrow(Exception ex, String additionalMessage, Boolean isCredentialUnavailable)
   at Azure.Identity.ManagedIdentityCredential.GetTokenImplAsync(Boolean async, TokenRequestContext requestContext, CancellationToken cancellationToken)
   at Azure.Core.Pipeline.TaskExtensions.EnsureCompleted[T](ValueTask`1 task)
   at Azure.Identity.ManagedIdentityCredential.GetToken(TokenRequestContext requestContext, CancellationToken cancellationToken)
   at Azure.Identity.DefaultAzureCredential.GetTokenFromSourcesAsync(TokenCredential[] sources, TokenRequestContext requestContext, Boolean async, CancellationToken cancellationToken)&lt;---

 ---&gt; (Inner Exception #3) Azure.Identity.CredentialUnavailableException: VisualStudioCredential authentication failed: Visual Studio Token provider can't be accessed at D:\DWASFiles\Sites\potraffic-shared-22602\LocalAppData\.IdentityService\AzureServiceAuth\tokenprovider.json
 ---&gt; Azure.Identity.CredentialUnavailableException: Visual Studio Token provider can't be accessed at D:\DWASFiles\Sites\potraffic-shared-22602\LocalAppData\.IdentityService\AzureServiceAuth\tokenprovider.json
 ---&gt; System.IO.DirectoryNotFoundException: Could not find a part of the path 'D:\DWASFiles\Sites\potraffic-shared-22602\LocalAppData\.IdentityService\AzureServiceAuth\tokenprovider.json'.
   at Microsoft.Win32.SafeHandles.SafeFileHandle.CreateFile(String fullPath, FileMode mode, FileAccess access, FileShare share, FileOptions options)
   at Microsoft.Win32.SafeHandles.SafeFileHandle.Open(String fullPath, FileMode mode, FileAccess access, FileShare share, FileOptions options, Int64 preallocationSize, Nullable`1 unixCreateMode)
   at System.IO.Strategies.OSFileStreamStrategy..ctor(String path, FileMode mode, FileAccess access, FileShare share, FileOptions options, Int64 preallocationSize, Nullable`1 unixCreateMode)
   at System.IO.Strategies.FileStreamHelpers.ChooseStrategyCore(String path, FileMode mode, FileAccess access, FileShare share, FileOptions options, Int64 preallocationSize, Nullable`1 unixCreateMode)
   at System.IO.StreamReader.ValidateArgsAndOpenPath(String path, Int32 bufferSize)
   at System.IO.File.ReadAllText(String path, Encoding encoding)
   at System.IO.File.ReadAllText(String path)
   at Azure.Identity.FileSystemService.ReadAllText(String path)
   at Azure.Identity.VisualStudioCredential.GetTokenProviderContent(String tokenProviderPath)
   --- End of inner exception stack trace ---
   at Azure.Identity.VisualStudioCredential.GetTokenProviderContent(String tokenProviderPath)
   at Azure.Identity.VisualStudioCredential.GetTokenProviders(String tokenProviderPath)
   at Azure.Identity.VisualStudioCredential.GetTokenImplAsync(TokenRequestContext requestContext, Boolean async, CancellationToken cancellationToken)
   --- End of inner exception stack trace ---
   at Azure.Identity.CredentialDiagnosticScope.FailWrapAndThrow(Exception ex, String additionalMessage, Boolean isCredentialUnavailable)
   at Azure.Identity.VisualStudioCredential.GetTokenImplAsync(TokenRequestContext requestContext, Boolean async, CancellationToken cancellationToken)
   at Azure.Core.Pipeline.TaskExtensions.EnsureCompleted[T](ValueTask`1 task)
   at Azure.Identity.VisualStudioCredential.GetToken(TokenRequestContext requestContext, CancellationToken cancellationToken)
   at Azure.Identity.DefaultAzureCredential.GetTokenFromSourcesAsync(TokenCredential[] sources, TokenRequestContext requestContext, Boolean async, CancellationToken cancellationToken)&lt;---

 ---&gt; (Inner Exception #4) Azure.Identity.CredentialUnavailableException: AzureCliCredential authentication failed: Azure CLI not installed
 ---&gt; Azure.Identity.CredentialUnavailableException: Azure CLI not installed
   at Azure.Identity.AzureCliCredential.RequestCliAccessTokenAsync(Boolean async, TokenRequestContext context, CancellationToken cancellationToken)
   at Azure.Identity.AzureCliCredential.GetTokenImplAsync(Boolean async, TokenRequestContext requestContext, CancellationToken cancellationToken)
   --- End of inner exception stack trace ---
   at Azure.Identity.CredentialDiagnosticScope.FailWrapAndThrow(Exception ex, String additionalMessage, Boolean isCredentialUnavailable)
   at Azure.Identity.AzureCliCredential.GetTokenImplAsync(Boolean async, TokenRequestContext requestContext, CancellationToken cancellationToken)
   at Azure.Core.Pipeline.TaskExtensions.EnsureCompleted[T](ValueTask`1 task)
   at Azure.Identity.AzureCliCredential.GetToken(TokenRequestContext requestContext, CancellationToken cancellationToken)
   at Azure.Identity.DefaultAzureCredential.GetTokenFromSourcesAsync(TokenCredential[] sources, TokenRequestContext requestContext, Boolean async, CancellationToken cancellationToken)&lt;---

 ---&gt; (Inner Exception #5) Azure.Identity.CredentialUnavailableException: AzurePowerShellCredential authentication failed: Az.Accounts module &gt;= 2.2.0 is not installed.
 ---&gt; Azure.Identity.CredentialUnavailableException: Az.Accounts module &gt;= 2.2.0 is not installed.
   at Azure.Identity.AzurePowerShellCredential.CheckForErrors(String output, Int32 exitCode)
   at Azure.Identity.AzurePowerShellCredential.RequestAzurePowerShellAccessTokenAsync(Boolean async, TokenRequestContext context, CancellationToken cancellationToken)
   at Azure.Identity.AzurePowerShellCredential.GetTokenImplAsync(Boolean async, TokenRequestContext requestContext, CancellationToken cancellationToken)
   --- End of inner exception stack trace ---
   at Azure.Identity.CredentialDiagnosticScope.FailWrapAndThrow(Exception ex, String additionalMessage, Boolean isCredentialUnavailable)
   at Azure.Identity.AzurePowerShellCredential.GetTokenImplAsync(Boolean async, TokenRequestContext requestContext, CancellationToken cancellationToken)
   at Azure.Core.Pipeline.TaskExtensions.EnsureCompleted[T](ValueTask`1 task)
   at Azure.Identity.AzurePowerShellCredential.GetToken(TokenRequestContext requestContext, CancellationToken cancellationToken)
   at Azure.Identity.DefaultAzureCredential.GetTokenFromSourcesAsync(TokenCredential[] sources, TokenRequestContext requestContext, Boolean async, CancellationToken cancellationToken)&lt;---

 ---&gt; (Inner Exception #6) Azure.Identity.CredentialUnavailableException: AzureDeveloperCliCredential authentication failed: Azure Developer CLI could not be found.
 ---&gt; Azure.Identity.CredentialUnavailableException: Azure Developer CLI could not be found.
   at Azure.Identity.AzureDeveloperCliCredential.RequestCliAccessTokenAsync(Boolean async, TokenRequestContext context, CancellationToken cancellationToken)
   at Azure.Identity.AzureDeveloperCliCredential.GetTokenImplAsync(Boolean async, TokenRequestContext requestContext, CancellationToken cancellationToken)
   --- End of inner exception stack trace ---
   at Azure.Identity.CredentialDiagnosticScope.FailWrapAndThrow(Exception ex, String additionalMessage, Boolean isCredentialUnavailable)
   at Azure.Identity.AzureDeveloperCliCredential.GetTokenImplAsync(Boolean async, TokenRequestContext requestContext, CancellationToken cancellationToken)
   at Azure.Core.Pipeline.TaskExtensions.EnsureCompleted[T](ValueTask`1 task)
   at Azure.Identity.AzureDeveloperCliCredential.GetToken(TokenRequestContext requestContext, CancellationToken cancellationToken)
   at Azure.Identity.DefaultAzureCredential.GetTokenFromSourcesAsync(TokenCredential[] sources, TokenRequestContext requestContext, Boolean async, CancellationToken cancellationToken)&lt;---

   --- End of inner exception stack trace ---
   at Azure.Identity.DefaultAzureCredential.GetTokenFromSourcesAsync(TokenCredential[] sources, TokenRequestContext requestContext, Boolean async, CancellationToken cancellationToken)
   at Azure.Identity.DefaultAzureCredential.GetTokenImplAsync(Boolean async, TokenRequestContext requestContext, CancellationToken cancellationToken)
   at Azure.Identity.CredentialDiagnosticScope.FailWrapAndThrow(Exception ex, String additionalMessage, Boolean isCredentialUnavailable)
   at Azure.Identity.DefaultAzureCredential.GetTokenImplAsync(Boolean async, TokenRequestContext requestContext, CancellationToken cancellationToken)
   at Azure.Core.Pipeline.TaskExtensions.EnsureCompleted[T](ValueTask`1 task)
   at Azure.Identity.DefaultAzureCredential.GetToken(TokenRequestContext requestContext, CancellationToken cancellationToken)
   at Azure.Core.Pipeline.BearerTokenAuthenticationPolicy.AccessTokenCache.SetResultOnTcsFromCredentialAsync(TokenRequestContext context, TaskCompletionSource`1 targetTcs, Boolean async, CancellationToken cancellationToken)
   at Azure.Core.Pipeline.BearerTokenAuthenticationPolicy.AccessTokenCache.GetAuthHeaderValueAsync(HttpMessage message, TokenRequestContext context, Boolean async)
   at Azure.Core.Pipeline.TaskExtensions.EnsureCompleted[T](Task`1 task)
   at Azure.Core.Pipeline.BearerTokenAuthenticationPolicy.AccessTokenCache.TokenRequestState.GetCurrentHeaderValue(Boolean async, Boolean checkForCompletion, CancellationToken cancellationToken)
   at Azure.Core.Pipeline.BearerTokenAuthenticationPolicy.AccessTokenCache.GetAuthHeaderValueAsync(HttpMessage message, TokenRequestContext context, Boolean async)
   at Azure.Core.Pipeline.TaskExtensions.EnsureCompleted[T](ValueTask`1 task)
   at Azure.Core.Pipeline.BearerTokenAuthenticationPolicy.AuthenticateAndAuthorizeRequest(HttpMessage message, TokenRequestContext context)
   at Azure.Security.KeyVault.ChallengeBasedAuthenticationPolicy.AuthorizeRequestOnChallengeAsyncInternal(HttpMessage message, Boolean async)
   at Azure.Core.Pipeline.TaskExtensions.EnsureCompleted[T](ValueTask`1 task)
   at Azure.Security.KeyVault.ChallengeBasedAuthenticationPolicy.AuthorizeRequestOnChallenge(HttpMessage message)
   at Azure.Core.Pipeline.BearerTokenAuthenticationPolicy.ProcessAsync(HttpMessage message, ReadOnlyMemory`1 pipeline, Boolean async)
   at Azure.Core.Pipeline.TaskExtensions.EnsureCompleted(ValueTask task)
   at Azure.Core.Pipeline.BearerTokenAuthenticationPolicy.Process(HttpMessage message, ReadOnlyMemory`1 pipeline)
   at Azure.Core.Pipeline.RedirectPolicy.ProcessAsync(HttpMessage message, ReadOnlyMemory`1 pipeline, Boolean async)
   at Azure.Core.Pipeline.TaskExtensions.EnsureCompleted(ValueTask task)
   at Azure.Core.Pipeline.RedirectPolicy.Process(HttpMessage message, ReadOnlyMemory`1 pipeline)
   at Azure.Core.Pipeline.RetryPolicy.ProcessAsync(HttpMessage message, ReadOnlyMemory`1 pipeline, Boolean async)
   at Azure.Core.Pipeline.RetryPolicy.ProcessAsync(HttpMessage message, ReadOnlyMemory`1 pipeline, Boolean async)
   at Azure.Core.Pipeline.TaskExtensions.EnsureCompleted(ValueTask task)
   at Azure.Core.Pipeline.RetryPolicy.Process(HttpMessage message, ReadOnlyMemory`1 pipeline)
   at Azure.Core.Pipeline.HttpPipelinePolicy.ProcessNext(HttpMessage message, ReadOnlyMemory`1 pipeline)
   at Azure.Core.Pipeline.HttpPipelineSynchronousPolicy.Process(HttpMessage message, ReadOnlyMemory`1 pipeline)
   at Azure.Core.Pipeline.HttpPipelinePolicy.ProcessNext(HttpMessage message, ReadOnlyMemory`1 pipeline)
   at Azure.Core.Pipeline.HttpPipelineSynchronousPolicy.Process(HttpMessage message, ReadOnlyMemory`1 pipeline)
   at Azure.Core.Pipeline.HttpPipelinePolicy.ProcessNext(HttpMessage message, ReadOnlyMemory`1 pipeline)
   at Azure.Core.Pipeline.HttpPipelineSynchronousPolicy.Process(HttpMessage message, ReadOnlyMemory`1 pipeline)
   at Azure.Core.Pipeline.HttpPipeline.Send(HttpMessage message, CancellationToken cancellationToken)
   at Azure.Core.Pipeline.HttpPipeline.SendRequest(Request request, CancellationToken cancellationToken)
   at Azure.Security.KeyVault.KeyVaultPipeline.SendRequest(Request request, CancellationToken cancellationToken)
   at Azure.Security.KeyVault.KeyVaultPipeline.GetPage[T](Uri firstPageUri, String nextLink, Func`1 itemFactory, String operationName, CancellationToken cancellationToken)
   at Azure.Security.KeyVault.Secrets.SecretClient.&lt;&gt;c__DisplayClass15_0.&lt;GetPropertiesOfSecrets&gt;b__0(String nextLink)
   at Azure.Core.PageResponseEnumerator.&lt;&gt;c__DisplayClass0_0`1.&lt;CreateEnumerable&gt;b__0(String continuationToken, Nullable`1 pageSizeHint)
   at Azure.Core.PageResponseEnumerator.FuncPageable`1.AsPages(String continuationToken, Nullable`1 pageSizeHint)+MoveNext()
   at Azure.Pageable`1.GetEnumerator()+MoveNext()
   at Azure.Extensions.AspNetCore.Configuration.Secrets.AzureKeyVaultConfigurationProvider.Load()
   at Microsoft.Extensions.Configuration.ConfigurationManager.AddSource(IConfigurationSource source)
   at Microsoft.Extensions.Configuration.ConfigurationManager.Microsoft.Extensions.Configuration.IConfigurationBuilder.Add(IConfigurationSource source)
   at Microsoft.Extensions.Configuration.AzureKeyVaultConfigurationExtensions.AddAzureKeyVault(IConfigurationBuilder configurationBuilder, SecretClient client, AzureKeyVaultConfigurationOptions options)
   at Microsoft.Extensions.Configuration.AzureKeyVaultConfigurationExtensions.AddAzureKeyVault(IConfigurationBuilder configurationBuilder, Uri vaultUri, TokenCredential credential, KeyVaultSecretManager manager)
   at Program.&lt;Main&gt;$(String[] args) in /home/runner/work/PoTraffic/PoTraffic/src/PoTraffic.Api/Program.cs:line 64
</Data><Data>Process Id: 9424.</Data><Data>File Version: 20.0.25297.0. Description: IIS ASP.NET Core Module V2 Request Handler. Commit: </Data></EventData></Event><Event><System><Provider Name="IIS AspNetCore Module V2"/><EventID>1007</EventID><Level>1</Level><Task>0</Task><Keywords>Keywords</Keywords><TimeCreated SystemTime="2026-02-23T15:22:02Z"/><EventRecordID>124979500</EventRecordID><Channel>Application</Channel><Computer>WEBWK000006</Computer><Security/></System><EventData><Data>Application '/LM/W3SVC/1379614724/ROOT' with physical root 'C:\home\site\wwwroot\' failed to load coreclr. Exception message:
CLR worker thread exited prematurely</Data><Data>Process Id: 9424.</Data><Data>File Version: 20.0.25297.0. Description: IIS ASP.NET Core Module V2 Request Handler. Commit: </Data></EventData></Event></Events>