﻿<?xml version="1.0" encoding="utf-8"?>
<deployment>
  <id>96b6afd7ef97402687fb8badd5315bde</id>
  <author>N/A</author>
  <deployer>OneDeploy</deployer>
  <authorEmail>N/A</authorEmail>
  <message>OneDeploy</message>
  <progress></progress>
  <status>Success</status>
  <statusText></statusText>
  <lastSuccessEndTime>2026-02-23T15:19:25.7386025Z</lastSuccessEndTime>
  <receivedTime>2026-02-23T15:19:18.2644624Z</receivedTime>
  <startTime>2026-02-23T15:19:18.3581967Z</startTime>
  <endTime>2026-02-23T15:19:25.7386025Z</endTime>
  <complete>True</complete>
  <is_temp>False</is_temp>
  <is_readonly>True</is_readonly>
  <project_type>OneDeploy</project_type>
  <vsproject_id></vsproject_id>
</deployment>